0.1,8113.7,157.0,204.0,325.999595642,38808.0,0,8949.0,56587.0,12807.0,6762.9,44.0,62727.0,393679,390735153,84,3238,13,409993216,32768,0,4050,4049,27858,27845,34817,27858,1077936128,5699,0,0,0,40,78,0,0,20,0,18,0,6396784,4742721536,11048,18446744073709551615,94400596242432,94400596246368,140723018794080,0,0,0,0,2,16800973,0,0,0,17,0,0,0,0,0,0,94400598347072,94400598347800,94400617963520,140723018799224,140723018799282,140723018799282,140723018801130,0,59.0,0.5,4096,131072,6291456,4096,16384,4194304,req_waittime,29663179962.0,req_active,8762263.0,read_bytes,1.4120562647e+12,write_bytes,10737418240.0,ost_setattr,367027494.0,ost_read,28400030853.0,ost_write,190450181.0,ost_connect,1031.0,ldlm_cancel,418003295.0,obd_ping,370636.0,0.0,0.0,0.0,0.0,0.0,3671.0,req_waittime,42262535573.0,req_active,52857735.0,mds_getattr,936.0,mds_getattr_lock,204949247.0,mds_close,1915740247.0,mds_readpage,87144.0,mds_connect,356.0,mds_get_root,222.0,mds_statfs,225.0,mds_getxattr,183119053.0,ldlm_cancel,371598995.0,obd_ping,394928.0,seq_query,75384.0,close,1884917.0,create,16.0,getattr,4.0,intent_lock,12458475.0,rename,14.0,setattr,2000516.0,read_page,5051.0,unlink,1059481.0,getxattr,171916.0,intent_getattr_async,11.0,revalidate_lock,1564954.0,47,Mon Dec 14 20:07:13 2020
0.1,3367.2,248.0,208.0,498.642841339,59238.0,0,8949.0,56587.0,17327.0,2806.2,32.0,62727.0,3874917,527443249,132,4281,14,552599552,32768,0,4050,4049,27858,27845,34817,27858,1077936128,5732,0,0,0,43,98,0,0,20,0,18,0,6396784,4742721536,11124,18446744073709551615,94400596242432,94400596246368,140723018794080,0,0,0,0,2,16800973,0,0,0,17,0,0,0,0,0,0,94400598347072,94400598347800,94400617963520,140723018799224,140723018799282,140723018799282,140723018801130,0,47.0,0.5,4096,131072,6291456,4096,16384,4194304,req_waittime,29665330232.0,req_active,8763166.0,read_bytes,1.41219887104e+12,write_bytes,10737418240.0,ost_setattr,367027494.0,ost_read,28402181123.0,ost_write,190450181.0,ost_connect,1031.0,ldlm_cancel,418003295.0,obd_ping,370636.0,0.0,0.0,0.0,0.0,0.0,3671.0,req_waittime,42262537305.0,req_active,52857741.0,mds_getattr,936.0,mds_getattr_lock,204949735.0,mds_close,1915740754.0,mds_readpage,87144.0,mds_connect,356.0,mds_get_root,222.0,mds_statfs,225.0,mds_getxattr,183119053.0,ldlm_cancel,371598995.0,obd_ping,394928.0,seq_query,75384.0,close,1884919.0,create,16.0,getattr,4.0,intent_lock,12458485.0,rename,14.0,setattr,2000516.0,read_page,5051.0,unlink,1059481.0,getxattr,171916.0,intent_getattr_async,11.0,revalidate_lock,1564954.0,47,Mon Dec 14 20:07:14 2020
0.1,3853.3,248.0,208.0,531.776005745,63181.0,0,8949.0,56587.0,17592.0,3211.2,28.0,62727.0,4149713,565979825,226,4579,16,606076928,32768,0,4050,4049,27858,27845,34817,27858,1077936128,5785,0,0,0,43,105,0,0,20,0,18,0,6396784,4742721536,11141,18446744073709551615,94400596242432,94400596246368,140723018794080,0,0,0,0,2,16800973,0,0,0,17,0,0,0,0,0,0,94400598347072,94400598347800,94400617963520,140723018799224,140723018799282,140723018799282,140723018801130,0,37.0,0.5,4096,131072,6291456,4096,16384,4194304,req_waittime,29665906666.0,req_active,8763518.0,read_bytes,1.41225234842e+12,write_bytes,10737418240.0,ost_setattr,367027494.0,ost_read,28402757557.0,ost_write,190450181.0,ost_connect,1031.0,ldlm_cancel,418003295.0,obd_ping,370636.0,0.0,0.0,0.0,0.0,0.0,3671.0,req_waittime,42262539457.0,req_active,52857747.0,mds_getattr,936.0,mds_getattr_lock,204950355.0,mds_close,1915741331.0,mds_readpage,87144.0,mds_connect,356.0,mds_get_root,222.0,mds_statfs,225.0,mds_getxattr,183119053.0,ldlm_cancel,371598995.0,obd_ping,394928.0,seq_query,75384.0,close,1884921.0,create,16.0,getattr,4.0,intent_lock,12458495.0,rename,14.0,setattr,2000516.0,read_page,5051.0,unlink,1059481.0,getxattr,171916.0,intent_getattr_async,11.0,revalidate_lock,1564954.0,47,Mon Dec 14 20:07:15 2020
0.1,12423.2,248.0,204.0,840.000037193,99408.0,0,8949.0,56587.0,32543.0,10352.7,28.0,62727.0,0,965359025,274,7634,17,1015021568,45056,0,4050,4049,27858,27845,34817,27858,1077936128,5835,0,0,0,50,164,0,0,20,0,18,0,6396784,4742721536,11151,18446744073709551615,94400596242432,94400596246368,140723018794080,0,0,0,0,2,16800973,0,0,0,17,0,0,0,0,0,0,94400598347072,94400598347800,94400617963520,140723018799224,140723018799282,140723018799282,140723018801130,0,43.0,0.5,4096,131072,6291456,4096,16384,4194304,req_waittime,29671327618.0,req_active,8766372.0,read_bytes,1.41267807027e+12,write_bytes,10737418240.0,ost_setattr,367027494.0,ost_read,28408178509.0,ost_write,190450181.0,ost_connect,1031.0,ldlm_cancel,418003295.0,obd_ping,370636.0,0.0,0.0,0.0,0.0,0.0,3671.0,req_waittime,42262545244.0,req_active,52857753.0,mds_getattr,936.0,mds_getattr_lock,204950937.0,mds_close,1915741944.0,mds_readpage,87144.0,mds_connect,356.0,mds_get_root,222.0,mds_statfs,225.0,mds_getxattr,183119053.0,ldlm_cancel,371598995.0,obd_ping,394928.0,seq_query,75384.0,close,1884923.0,create,16.0,getattr,4.0,intent_lock,12458505.0,rename,14.0,setattr,2000516.0,read_page,5051.0,unlink,1059481.0,getxattr,171916.0,intent_getattr_async,11.0,revalidate_lock,1564954.0,47,Mon Dec 14 20:07:16 2020
0.1,29511.7,357.0,204.0,1238.97253227,146721.0,0.0,8949.0,56587.0,45865.0,24599.0,121.0,62727.0,1077417,1314141617,322,10295,18,1367343104,49152,0,4050,4049,27858,27845,34817,27858,1077936128,5878,0,0,0,57,220,0,0,20,0,18,0,6396784,4742721536,11226,18446744073709551615,94400596242432,94400596246368,140723018794080,0,0,0,0,2,16800973,0,0,0,17,0,0,0,0,0,0,94400598347072,94400598347800,94400617963520,140723018799224,140723018799282,140723018799282,140723018801130,0,46.1,0.5,4096,131072,6291456,4096,16384,4194304,req_waittime,29675717094.0,req_active,8768531.0,read_bytes,1.4130178089e+12,write_bytes,10737418240.0,ost_setattr,367027494.0,ost_read,28412567985.0,ost_write,190450181.0,ost_connect,1031.0,ldlm_cancel,418003295.0,obd_ping,370636.0,6.0,0.0,0.0,0.0,0.0,3671.0,req_waittime,42262547111.0,req_active,52857759.0,mds_getattr,936.0,mds_getattr_lock,204951539.0,mds_close,1915742430.0,mds_readpage,87144.0,mds_connect,356.0,mds_get_root,222.0,mds_statfs,225.0,mds_getxattr,183119053.0,ldlm_cancel,371598995.0,obd_ping,394928.0,seq_query,75384.0,close,1884925.0,create,16.0,getattr,4.0,intent_lock,12458515.0,rename,14.0,setattr,2000516.0,read_page,5051.0,unlink,1059481.0,getxattr,171916.0,intent_getattr_async,11.0,revalidate_lock,1564954.0,47,Mon Dec 14 20:07:17 2020
0.1,41092.0,357.0,204.0,1404.65992451,166349.0,0.0,8949.0,56587.0,47103.0,34260.5,83.0,62727.0,4125489,1481128049,370,11571,19,1535115264,49152,0,4050,4049,27858,27845,34817,27858,1077936128,5912,0,0,0,59,246,0,0,20,0,18,0,6396784,4742721536,11236,18446744073709551615,94400596242432,94400596246368,140723018794080,0,0,0,0,2,16800973,0,0,0,17,0,0,0,0,0,0,94400598347072,94400598347800,94400617963520,140723018799224,140723018799282,140723018799282,140723018801130,0,43.5,0.5,4096,131072,6291456,4096,16384,4194304,req_waittime,29677710225.0,req_active,8769522.0,read_bytes,1.41318138675e+12,write_bytes,10737418240.0,ost_setattr,367027494.0,ost_read,28414561116.0,ost_write,190450181.0,ost_connect,1031.0,ldlm_cancel,418003295.0,obd_ping,370636.0,0.0,0.0,0.0,0.0,0.0,3671.0,req_waittime,42262548879.0,req_active,52857765.0,mds_getattr,936.0,mds_getattr_lock,204952042.0,mds_close,1915742918.0,mds_readpage,87144.0,mds_connect,356.0,mds_get_root,222.0,mds_statfs,225.0,mds_getxattr,183119053.0,ldlm_cancel,371598995.0,obd_ping,394928.0,seq_query,75384.0,close,1884927.0,create,16.0,getattr,4.0,intent_lock,12458525.0,rename,14.0,setattr,2000516.0,read_page,5051.0,unlink,1059481.0,getxattr,171916.0,intent_getattr_async,11.0,revalidate_lock,1564954.0,47,Mon Dec 14 20:07:19 2020
0.1,42797.9,357.0,204.0,1546.17381763,183158.0,0.0,8949.0,56587.0,48197.0,35696.0,130.0,62727.0,4134438,1632909425,418,12729,20,1686110208,53248,0,4050,4049,27858,27845,34817,27858,1077936128,5945,0,0,0,61,266,0,0,20,0,18,0,6396784,4742721536,11246,18446744073709551615,94400596242432,94400596246368,140723018794080,0,0,0,0,2,16800973,0,0,0,17,0,0,0,0,0,0,94400598347072,94400598347800,94400617963520,140723018799224,140723018799282,140723018799282,140723018801130,0,40.8,0.5,4096,131072,6291456,4096,16384,4194304,req_waittime,29679348490.0,req_active,8770492.0,read_bytes,1.4133323817e+12,write_bytes,10737418240.0,ost_setattr,367027494.0,ost_read,28416199381.0,ost_write,190450181.0,ost_connect,1031.0,ldlm_cancel,418003295.0,obd_ping,370636.0,0.0,0.0,0.0,0.0,0.0,3671.0,req_waittime,42262550743.0,req_active,52857771.0,mds_getattr,936.0,mds_getattr_lock,204952558.0,mds_close,1915743444.0,mds_readpage,87144.0,mds_connect,356.0,mds_get_root,222.0,mds_statfs,225.0,mds_getxattr,183119053.0,ldlm_cancel,371598995.0,obd_ping,394928.0,seq_query,75384.0,close,1884929.0,create,16.0,getattr,4.0,intent_lock,12458535.0,rename,14.0,setattr,2000516.0,read_page,5051.0,unlink,1059481.0,getxattr,171916.0,intent_getattr_async,11.0,revalidate_lock,1564954.0,47,Mon Dec 14 20:07:20 2020
0.1,33080.8,357.0,204.0,1682.54580307,199249.0,0.0,8949.0,56587.0,49210.0,27571.0,49.0,62727.0,4116540,1779578993,466,13848,21,1837105152,53248,0,4050,4049,27858,27845,34817,27858,1077936128,5979,0,0,0,63,287,0,0,20,0,18,0,6396784,4742721536,11257,18446744073709551615,94400596242432,94400596246368,140723018794080,0,0,0,0,2,16800973,0,0,0,17,0,0,0,0,0,0,94400598347072,94400598347800,94400617963520,140723018799224,140723018799282,140723018799282,140723018801130,0,35.0,0.5,4096,131072,6291456,4096,16384,4194304,req_waittime,29681068789.0,req_active,8771461.0,read_bytes,1.41348337664e+12,write_bytes,10737418240.0,ost_setattr,367027494.0,ost_read,28417919680.0,ost_write,190450181.0,ost_connect,1031.0,ldlm_cancel,418003295.0,obd_ping,370636.0,0.0,0.0,0.0,0.0,0.0,3671.0,req_waittime,42262553383.0,req_active,52857777.0,mds_getattr,936.0,mds_getattr_lock,204953077.0,mds_close,1915744693.0,mds_readpage,87144.0,mds_connect,356.0,mds_get_root,222.0,mds_statfs,225.0,mds_getxattr,183119053.0,ldlm_cancel,371598995.0,obd_ping,394928.0,seq_query,75384.0,close,1884931.0,create,16.0,getattr,4.0,intent_lock,12458545.0,rename,14.0,setattr,2000516.0,read_page,5051.0,unlink,1059481.0,getxattr,171916.0,intent_getattr_async,11.0,revalidate_lock,1564954.0,47,Mon Dec 14 20:07:21 2020
0.1,40348.6,357.0,204.0,1819.87321568,215550.0,0.0,8949.0,56587.0,50231.0,33629.4,44.0,62727.0,4125489,1914977073,513,14883,22,1971322880,53248,0,4050,4049,27858,27845,34817,27858,1077936128,6011,0,0,0,66,304,0,0,20,0,18,0,6396784,4742721536,11267,18446744073709551615,94400596242432,94400596246368,140723018794080,0,0,0,0,2,16800973,0,0,0,17,0,0,0,0,0,0,94400598347072,94400598347800,94400617963520,140723018799224,140723018799282,140723018799282,140723018801130,0,33.6,0.5,4096,131072,6291456,4096,16384,4194304,req_waittime,29682510597.0,req_active,8772320.0,read_bytes,1.41361759437e+12,write_bytes,10737418240.0,ost_setattr,367027494.0,ost_read,28419361488.0,ost_write,190450181.0,ost_connect,1031.0,ldlm_cancel,418003295.0,obd_ping,370636.0,0.0,0.0,0.0,0.0,0.0,3671.0,req_waittime,42262555284.0,req_active,52857783.0,mds_getattr,936.0,mds_getattr_lock,204953596.0,mds_close,1915745233.0,mds_readpage,87144.0,mds_connect,356.0,mds_get_root,222.0,mds_statfs,225.0,mds_getxattr,183119053.0,ldlm_cancel,371598995.0,obd_ping,394928.0,seq_query,75384.0,close,1884933.0,create,16.0,getattr,4.0,intent_lock,12458555.0,rename,14.0,setattr,2000516.0,read_page,5051.0,unlink,1059481.0,getxattr,171916.0,intent_getattr_async,11.0,revalidate_lock,1564954.0,47,Mon Dec 14 20:07:22 2020
0.1,17444.7,357.0,204.0,1934.92588615,229315.0,0.0,8949.0,56587.0,51079.0,14538.3,58.0,62727.0,3382722,2036742961,560,15812,23,2088763392,53248,0,4050,4049,27858,27845,34817,27858,1077936128,6043,0,0,0,68,318,0,0,20,0,18,0,6396784,4742721536,11276,18446744073709551615,94400596242432,94400596246368,140723018794080,0,0,0,0,2,16800973,0,0,0,17,0,0,0,0,0,0,94400598347072,94400598347800,94400617963520,140723018799224,140723018799282,140723018799282,140723018801130,0,32.2,0.5,4096,131072,6291456,4096,16384,4194304,req_waittime,29683936927.0,req_active,8773181.0,read_bytes,1.4137518121e+12,write_bytes,10737418240.0,ost_setattr,367027494.0,ost_read,28420787818.0,ost_write,190450181.0,ost_connect,1031.0,ldlm_cancel,418003295.0,obd_ping,370636.0,0.0,0.0,0.0,0.0,0.0,3671.0,req_waittime,42262557472.0,req_active,52857790.0,mds_getattr,936.0,mds_getattr_lock,204954100.0,mds_close,1915745770.0,mds_readpage,87144.0,mds_connect,356.0,mds_get_root,222.0,mds_statfs,225.0,mds_getxattr,183119053.0,ldlm_cancel,371599401.0,obd_ping,394928.0,seq_query,75384.0,close,1884935.0,create,16.0,getattr,4.0,intent_lock,12458565.0,rename,14.0,setattr,2000516.0,read_page,5051.0,unlink,1059481.0,getxattr,171916.0,intent_getattr_async,11.0,revalidate_lock,1564954.0,47,Mon Dec 14 20:07:23 2020
0.1,37074.7,357.0,204.0,2055.4235239,243693.0,0.0,8949.0,56587.0,51963.0,30904.9,35.0,62727.0,2832742,2165194929,607,16796,24,2222981120,53248,0,4050,4049,27858,27845,34817,27858,1077936128,6080,0,0,0,70,335,0,0,20,0,18,0,6396784,4742721536,11286,18446744073709551615,94400596242432,94400596246368,140723018794080,0,0,0,0,2,16800973,0,0,0,17,0,0,0,0,0,0,94400598347072,94400598347800,94400617963520,140723018799224,140723018799282,140723018799282,140723018801130,0,31.1,0.5,4096,131072,6291456,4096,16384,4194304,req_waittime,29685292530.0,req_active,8773932.0,read_bytes,1.41386925261e+12,write_bytes,10737418240.0,ost_setattr,367027494.0,ost_read,28422143421.0,ost_write,190450181.0,ost_connect,1031.0,ldlm_cancel,418003295.0,obd_ping,370636.0,0.0,0.0,0.0,0.0,0.0,3671.0,req_waittime,42262559314.0,req_active,52857796.0,mds_getattr,936.0,mds_getattr_lock,204954620.0,mds_close,1915746308.0,mds_readpage,87144.0,mds_connect,356.0,mds_get_root,222.0,mds_statfs,225.0,mds_getxattr,183119053.0,ldlm_cancel,371599401.0,obd_ping,394928.0,seq_query,75384.0,close,1884937.0,create,16.0,getattr,4.0,intent_lock,12458575.0,rename,14.0,setattr,2000516.0,read_page,5051.0,unlink,1059481.0,getxattr,171916.0,intent_getattr_async,11.0,revalidate_lock,1564954.0,47,Mon Dec 14 20:07:24 2020
0.1,28218.5,357.0,204.0,2163.25606537,256628.0,0.0,8949.0,56587.0,52739.0,23534.4,53.0,62727.0,4134438,2280014001,701,17672,26,2340421632,53248,0,4050,4049,27858,27845,34817,27858,1077936128,6136,0,0,0,71,348,0,0,20,0,18,0,6396784,4742721536,11304,18446744073709551615,94400596242432,94400596246368,140723018794080,0,0,0,0,2,16800973,0,0,0,17,0,0,0,0,0,0,94400598347072,94400598347800,94400617963520,140723018799224,140723018799282,140723018799282,140723018801130,0,29.9,0.5,4096,131072,6291456,4096,16384,4194304,req_waittime,29686750154.0,req_active,8774681.0,read_bytes,1.41398669312e+12,write_bytes,10737418240.0,ost_setattr,367027494.0,ost_read,28423601045.0,ost_write,190450181.0,ost_connect,1031.0,ldlm_cancel,418003295.0,obd_ping,370636.0,0.0,0.0,0.0,0.0,0.0,3671.0,req_waittime,42262561391.0,req_active,52857802.0,mds_getattr,936.0,mds_getattr_lock,204955233.0,mds_close,1915746860.0,mds_readpage,87144.0,mds_connect,356.0,mds_get_root,222.0,mds_statfs,225.0,mds_getxattr,183119053.0,ldlm_cancel,371599401.0,obd_ping,394928.0,seq_query,75384.0,close,1884939.0,create,16.0,getattr,4.0,intent_lock,12458585.0,rename,14.0,setattr,2000516.0,read_page,5051.0,unlink,1059481.0,getxattr,171916.0,intent_getattr_async,11.0,revalidate_lock,1564954.0,47,Mon Dec 14 20:07:25 2020
0.1,34215.6,357.0,204.0,2272.41997814,269698.0,0.0,8949.0,56587.0,53533.0,28524.9,71.0,62727.0,4116540,2394178417,748,18545,27,2457862144,53248,0,4050,4049,27858,27845,34817,27858,1077936128,6170,0,0,0,73,364,0,0,20,0,18,0,6396784,4742721536,11379,18446744073709551615,94400596242432,94400596246368,140723018794080,0,0,0,0,2,16800973,0,0,0,17,0,0,0,0,0,0,94400598347072,94400598347800,94400617963520,140723018799224,140723018799282,140723018799282,140723018801130,0,29.1,0.5,4096,131072,6291456,4096,16384,4194304,req_waittime,29688148303.0,req_active,8775408.0,read_bytes,1.41410413363e+12,write_bytes,10737418240.0,ost_setattr,367027494.0,ost_read,28424999194.0,ost_write,190450181.0,ost_connect,1031.0,ldlm_cancel,418003295.0,obd_ping,370636.0,0.0,0.0,0.0,0.0,0.0,3671.0,req_waittime,42262575299.0,req_active,52857808.0,mds_getattr,936.0,mds_getattr_lock,204959483.0,mds_close,1915752183.0,mds_readpage,87144.0,mds_connect,356.0,mds_get_root,222.0,mds_statfs,225.0,mds_getxattr,183119053.0,ldlm_cancel,371599401.0,obd_ping,394928.0,seq_query,75384.0,close,1884941.0,create,16.0,getattr,4.0,intent_lock,12458595.0,rename,14.0,setattr,2000516.0,read_page,5051.0,unlink,1059481.0,getxattr,171916.0,intent_getattr_async,11.0,revalidate_lock,1564954.0,47,Mon Dec 14 20:07:26 2020
0.1,31109.4,357.0,204.0,2385.02326679,283131.0,0.0,8949.0,56587.0,54332.0,25947.6,49.0,62727.0,4125489,2507425329,795,19411,28,2558525440,53248,0,4050,4049,27858,27845,34817,27858,1077936128,6199,0,0,0,76,376,0,0,20,0,18,0,6396784,4742721536,11386,18446744073709551615,94400596242432,94400596246368,140723018794080,0,0,0,0,2,16800973,0,0,0,17,0,0,0,0,0,0,94400598347072,94400598347800,94400617963520,140723018799224,140723018799282,140723018799282,140723018801130,0,28.2,0.5,4096,131072,6291456,4096,16384,4194304,req_waittime,29689253086.0,req_active,8776154.0,read_bytes,1.41421108838e+12,write_bytes,10737418240.0,ost_setattr,367027494.0,ost_read,28426103977.0,ost_write,190450181.0,ost_connect,1031.0,ldlm_cancel,418003295.0,obd_ping,370636.0,6.0,0.0,0.0,0.0,0.0,3671.0,req_waittime,42262577093.0,req_active,52857814.0,mds_getattr,936.0,mds_getattr_lock,204959982.0,mds_close,1915752697.0,mds_readpage,87144.0,mds_connect,356.0,mds_get_root,222.0,mds_statfs,225.0,mds_getxattr,183119053.0,ldlm_cancel,371599401.0,obd_ping,394928.0,seq_query,75384.0,close,1884943.0,create,16.0,getattr,4.0,intent_lock,12458605.0,rename,14.0,setattr,2000516.0,read_page,5051.0,unlink,1059481.0,getxattr,171916.0,intent_getattr_async,11.0,revalidate_lock,1564954.0,47,Mon Dec 14 20:07:27 2020
0.1,38792.1,357.0,204.0,2492.5981617,295975.0,0.0,8949.0,56587.0,55143.0,32352.3,35.0,62727.0,4145079,2621720113,842,20283,29,2675965952,53248,0,4050,4049,27858,27845,34817,27858,1077936128,6228,0,0,0,78,389,0,0,20,0,18,0,6396784,4742721536,11393,18446744073709551615,94400596242432,94400596246368,140723018794080,0,0,0,0,2,16800973,0,0,0,17,0,0,0,0,0,0,94400598347072,94400598347800,94400617963520,140723018799224,140723018799282,140723018799282,140723018801130,0,27.4,0.5,4096,131072,6291456,4096,16384,4194304,req_waittime,29690465352.0,req_active,8776808.0,read_bytes,1.41432223744e+12,write_bytes,10737418240.0,ost_setattr,367027494.0,ost_read,28427316243.0,ost_write,190450181.0,ost_connect,1031.0,ldlm_cancel,418003295.0,obd_ping,370636.0,0.0,0.0,0.0,0.0,0.0,3671.0,req_waittime,42262578950.0,req_active,52857820.0,mds_getattr,936.0,mds_getattr_lock,204960494.0,mds_close,1915753223.0,mds_readpage,87144.0,mds_connect,356.0,mds_get_root,222.0,mds_statfs,225.0,mds_getxattr,183119053.0,ldlm_cancel,371599401.0,obd_ping,394928.0,seq_query,75384.0,close,1884945.0,create,16.0,getattr,4.0,intent_lock,12458615.0,rename,14.0,setattr,2000516.0,read_page,5051.0,unlink,1059481.0,getxattr,171916.0,intent_getattr_async,11.0,revalidate_lock,1564954.0,47,Mon Dec 14 20:07:28 2020
0.1,31400.1,357.0,204.0,2598.01707268,308593.0,0.0,8949.0,56587.0,55926.0,26186.8,44.0,62727.0,4107591,2734180593,889,21143,30,2793406464,53248,0,4050,4049,27858,27845,34817,27858,1077936128,6257,0,0,0,80,403,0,0,20,0,18,0,6396784,4742721536,11401,18446744073709551615,94400596242432,94400596246368,140723018794080,0,0,0,0,2,16800973,0,0,0,17,0,0,0,0,0,0,94400598347072,94400598347800,94400617963520,140723018799224,140723018799282,140723018799282,140723018801130,0,26.8,0.5,4096,131072,6291456,4096,16384,4194304,req_waittime,29691746688.0,req_active,8777562.0,read_bytes,1.41443967795e+12,write_bytes,10737418240.0,ost_setattr,367027494.0,ost_read,28428597579.0,ost_write,190450181.0,ost_connect,1031.0,ldlm_cancel,418003295.0,obd_ping,370636.0,0.0,0.0,0.0,0.0,0.0,3671.0,req_waittime,42262581723.0,req_active,52857826.0,mds_getattr,936.0,mds_getattr_lock,204961976.0,mds_close,1915753719.0,mds_readpage,87144.0,mds_connect,356.0,mds_get_root,222.0,mds_statfs,225.0,mds_getxattr,183119053.0,ldlm_cancel,371599401.0,obd_ping,394928.0,seq_query,75384.0,close,1884947.0,create,16.0,getattr,4.0,intent_lock,12458625.0,rename,14.0,setattr,2000516.0,read_page,5051.0,unlink,1059481.0,getxattr,171916.0,intent_getattr_async,11.0,revalidate_lock,1564954.0,47,Mon Dec 14 20:07:30 2020
0.1,31549.5,357.0,204.0,2702.30782509,321056.0,0.0,8949.0,56587.0,56686.0,26294.6,38.0,62727.0,4125489,2841922481,936,21967,31,2894069760,57344,0,4050,4049,27858,27845,34817,27858,1077936128,6377,0,0,0,83,413,0,0,20,0,18,0,6396784,4742721536,11472,18446744073709551615,94400596242432,94400596246368,140723018794080,0,0,0,0,2,16800973,0,0,0,17,0,0,0,0,0,0,94400598347072,94400598347800,94400617963520,140723018799224,140723018799282,140723018799282,140723018801130,0,26.1,0.5,4096,131072,6291456,4096,16384,4194304,req_waittime,29692859789.0,req_active,8778306.0,read_bytes,1.4145466327e+12,write_bytes,10737418240.0,ost_setattr,367027494.0,ost_read,28429710680.0,ost_write,190450181.0,ost_connect,1031.0,ldlm_cancel,418003295.0,obd_ping,370636.0,7.0,0.0,0.0,0.0,0.0,3671.0,req_waittime,42262589991.0,req_active,52857832.0,mds_getattr,936.0,mds_getattr_lock,204962501.0,mds_close,1915760671.0,mds_readpage,87144.0,mds_connect,356.0,mds_get_root,222.0,mds_statfs,225.0,mds_getxattr,183119053.0,ldlm_cancel,371599401.0,obd_ping,394928.0,seq_query,75384.0,close,1884949.0,create,16.0,getattr,4.0,intent_lock,12458635.0,rename,14.0,setattr,2000516.0,read_page,5051.0,unlink,1059481.0,getxattr,171916.0,intent_getattr_async,11.0,revalidate_lock,1564954.0,47,Mon Dec 14 20:07:31 2020
0.1,29160.9,357.0,204.0,2811.13889503,334073.0,0.0,8949.0,56587.0,57496.0,24318.1,40.0,62727.0,4143387,2954251185,983,22824,32,3011510272,57344,0,4050,4049,27858,27845,34817,27858,1077936128,6406,0,0,0,86,426,0,0,20,0,18,0,6396784,4742721536,11479,18446744073709551615,94400596242432,94400596246368,140723018794080,0,0,0,0,2,16800973,0,0,0,17,0,0,0,0,0,0,94400598347072,94400598347800,94400617963520,140723018799224,140723018799282,140723018799282,140723018801130,0,24.3,0.5,4096,131072,6291456,4096,16384,4194304,req_waittime,29694240859.0,req_active,8778961.0,read_bytes,1.41465778176e+12,write_bytes,10737418240.0,ost_setattr,367027494.0,ost_read,28431091750.0,ost_write,190450181.0,ost_connect,1031.0,ldlm_cancel,418003295.0,obd_ping,370636.0,0.0,0.0,0.0,0.0,0.0,3671.0,req_waittime,42262591718.0,req_active,52857838.0,mds_getattr,936.0,mds_getattr_lock,204963030.0,mds_close,1915761188.0,mds_readpage,87144.0,mds_connect,356.0,mds_get_root,222.0,mds_statfs,225.0,mds_getxattr,183119053.0,ldlm_cancel,371599401.0,obd_ping,394928.0,seq_query,75384.0,close,1884951.0,create,16.0,getattr,4.0,intent_lock,12458645.0,rename,14.0,setattr,2000516.0,read_page,5051.0,unlink,1059481.0,getxattr,171916.0,intent_getattr_async,11.0,revalidate_lock,1564954.0,47,Mon Dec 14 20:07:32 2020
0.1,27365.6,357.0,204.0,2915.86490345,346614.0,0.0,8949.0,56587.0,58269.0,22820.0,51.0,62727.0,4143387,3069202033,1030,23703,33,3128950784,57344,0,4050,4049,27858,27845,34817,27858,1077936128,6436,0,0,0,87,439,0,0,20,0,18,0,6396784,4742721536,11486,18446744073709551615,94400596242432,94400596246368,140723018794080,0,0,0,0,2,16800973,0,0,0,17,0,0,0,0,0,0,94400598347072,94400598347800,94400617963520,140723018799224,140723018799282,140723018799282,140723018801130,0,23.9,0.5,4096,131072,6291456,4096,16384,4194304,req_waittime,29695503660.0,req_active,8779717.0,read_bytes,1.41477522227e+12,write_bytes,10737418240.0,ost_setattr,367027494.0,ost_read,28432354551.0,ost_write,190450181.0,ost_connect,1031.0,ldlm_cancel,418003295.0,obd_ping,370636.0,0.0,0.0,0.0,0.0,0.0,3671.0,req_waittime,42262593571.0,req_active,52857844.0,mds_getattr,936.0,mds_getattr_lock,204963576.0,mds_close,1915761767.0,mds_readpage,87144.0,mds_connect,356.0,mds_get_root,222.0,mds_statfs,225.0,mds_getxattr,183119053.0,ldlm_cancel,371599401.0,obd_ping,394928.0,seq_query,75384.0,close,1884953.0,create,16.0,getattr,4.0,intent_lock,12458655.0,rename,14.0,setattr,2000516.0,read_page,5051.0,unlink,1059481.0,getxattr,171916.0,intent_getattr_async,11.0,revalidate_lock,1564954.0,47,Mon Dec 14 20:07:33 2020
0.1,32806.5,357.0,204.0,3025.65182972,359738.0,0.0,8949.0,56587.0,59073.0,27364.4,49.0,62727.0,4161285,3184152881,1077,24582,34,3246391296,57344,0,4050,4049,27858,27845,34817,27858,1077936128,6464,0,0,0,89,453,0,0,20,0,18,0,6396784,4742721536,11493,18446744073709551615,94400596242432,94400596246368,140723018794080,0,0,0,0,2,16800973,0,0,0,17,0,0,0,0,0,0,94400598347072,94400598347800,94400617963520,140723018799224,140723018799282,140723018799282,140723018801130,0,23.5,0.5,4096,131072,6291456,4096,16384,4194304,req_waittime,29696802170.0,req_active,8780469.0,read_bytes,1.41489266278e+12,write_bytes,10737418240.0,ost_setattr,367027494.0,ost_read,28433653061.0,ost_write,190450181.0,ost_connect,1031.0,ldlm_cancel,418003295.0,obd_ping,370636.0,0.0,0.0,0.0,0.0,0.0,3671.0,req_waittime,42262595466.0,req_active,52857850.0,mds_getattr,936.0,mds_getattr_lock,204964147.0,mds_close,1915762300.0,mds_readpage,87144.0,mds_connect,356.0,mds_get_root,222.0,mds_statfs,225.0,mds_getxattr,183119053.0,ldlm_cancel,371599401.0,obd_ping,394928.0,seq_query,75384.0,close,1884955.0,create,16.0,getattr,4.0,intent_lock,12458665.0,rename,14.0,setattr,2000516.0,read_page,5051.0,unlink,1059481.0,getxattr,171916.0,intent_getattr_async,11.0,revalidate_lock,1564954.0,47,Mon Dec 14 20:07:34 2020
0.1,33870.8,357.0,204.0,3138.29933167,373198.0,0.0,8949.0,56587.0,59885.0,28241.3,43.0,62727.0,4114286,3298840881,1124,25457,35,3363831808,57344,0,4050,4049,27858,27845,34817,27858,1077936128,6493,0,0,0,90,467,0,0,20,0,18,0,6396784,4742721536,11500,18446744073709551615,94400596242432,94400596246368,140723018794080,0,0,0,0,2,16800973,0,0,0,17,0,0,0,0,0,0,94400598347072,94400598347800,94400617963520,140723018799224,140723018799282,140723018799282,140723018801130,0,23.2,0.5,4096,131072,6291456,4096,16384,4194304,req_waittime,29698113818.0,req_active,8781211.0,read_bytes,1.4150101033e+12,write_bytes,10737418240.0,ost_setattr,367027494.0,ost_read,28434964709.0,ost_write,190450181.0,ost_connect,1031.0,ldlm_cancel,418003295.0,obd_ping,370636.0,0.0,0.0,0.0,0.0,0.0,3671.0,req_waittime,42262597237.0,req_active,52857856.0,mds_getattr,936.0,mds_getattr_lock,204964707.0,mds_close,1915762773.0,mds_readpage,87144.0,mds_connect,356.0,mds_get_root,222.0,mds_statfs,225.0,mds_getxattr,183119053.0,ldlm_cancel,371599401.0,obd_ping,394928.0,seq_query,75384.0,close,1884957.0,create,16.0,getattr,4.0,intent_lock,12458675.0,rename,14.0,setattr,2000516.0,read_page,5051.0,unlink,1059481.0,getxattr,171916.0,intent_getattr_async,11.0,revalidate_lock,1564954.0,47,Mon Dec 14 20:07:35 2020
0.1,26678.3,357.0,204.0,3250.94567585,386657.0,0.0,8949.0,56587.0,60714.0,22244.0,33.0,62727.0,4140731,3418641433,1218,26379,37,3481272320,57344,0,4050,4049,27858,27845,34817,27858,1077936128,6836,0,0,0,92,484,0,0,20,0,19,0,6396784,4743778304,11791,18446744073709551615,94400596242432,94400596246368,140723018794080,0,0,0,0,2,16800973,0,0,0,17,0,0,0,0,0,0,94400598347072,94400598347800,94400617963520,140723018799224,140723018799282,140723018799282,140723018801130,0,23.0,0.5,4096,131072,6291456,4096,16384,4194304,req_waittime,29699446082.0,req_active,8781969.0,read_bytes,1.41512754381e+12,write_bytes,10737418240.0,ost_setattr,367027494.0,ost_read,28436296973.0,ost_write,190450181.0,ost_connect,1031.0,ldlm_cancel,418003295.0,obd_ping,370636.0,0.0,0.0,0.0,0.0,0.0,3671.0,req_waittime,42262599080.0,req_active,52857862.0,mds_getattr,936.0,mds_getattr_lock,204965246.0,mds_close,1915763309.0,mds_readpage,87144.0,mds_connect,356.0,mds_get_root,222.0,mds_statfs,225.0,mds_getxattr,183119053.0,ldlm_cancel,371599401.0,obd_ping,394928.0,seq_query,75384.0,close,1884959.0,create,16.0,getattr,4.0,intent_lock,12458685.0,rename,14.0,setattr,2000516.0,read_page,5051.0,unlink,1059481.0,getxattr,171916.0,intent_getattr_async,11.0,revalidate_lock,1564954.0,47,Mon Dec 14 20:07:36 2020
0.1,30280.2,357.0,204.0,3358.52818584,399546.0,0.0,8949.0,56587.0,61498.0,25255.3,55.0,62727.0,4152336,3530314777,1265,27231,38,3581935616,57344,0,4050,4049,27858,27845,34817,27858,1077936128,6852,0,0,0,94,496,0,0,20,0,19,0,6396784,4743778304,11791,18446744073709551615,94400596242432,94400596246368,140723018794080,0,0,0,0,2,16800973,0,0,0,17,0,0,0,0,0,0,94400598347072,94400598347800,94400617963520,140723018799224,140723018799282,140723018799282,140723018801130,0,22.6,0.5,4096,131072,6291456,4096,16384,4194304,req_waittime,29700516636.0,req_active,8782612.0,read_bytes,1.4152282071e+12,write_bytes,10737418240.0,ost_setattr,367027494.0,ost_read,28437367527.0,ost_write,190450181.0,ost_connect,1031.0,ldlm_cancel,418003295.0,obd_ping,370636.0,0.0,0.0,0.0,0.0,0.0,3671.0,req_waittime,42262600897.0,req_active,52857868.0,mds_getattr,936.0,mds_getattr_lock,204965801.0,mds_close,1915763860.0,mds_readpage,87144.0,mds_connect,356.0,mds_get_root,222.0,mds_statfs,225.0,mds_getxattr,183119053.0,ldlm_cancel,371599401.0,obd_ping,394928.0,seq_query,75384.0,close,1884961.0,create,16.0,getattr,4.0,intent_lock,12458695.0,rename,14.0,setattr,2000516.0,read_page,5051.0,unlink,1059481.0,getxattr,171916.0,intent_getattr_async,11.0,revalidate_lock,1564954.0,47,Mon Dec 14 20:07:37 2020
0.1,37243.5,357.0,204.0,3466.64812279,412460.0,0.0,8949.0,56587.0,62304.0,31055.1,40.0,62727.0,4164195,3643298841,1312,28093,39,3699376128,57344,0,4050,4049,27858,27845,34817,27858,1077936128,6868,0,0,0,96,510,0,0,20,0,19,0,6396784,4743778304,11791,18446744073709551615,94400596242432,94400596246368,140723018794080,0,0,0,0,2,16800973,0,0,0,17,0,0,0,0,0,0,94400598347072,94400598347800,94400617963520,140723018799224,140723018799282,140723018799282,140723018801130,0,22.4,0.5,4096,131072,6291456,4096,16384,4194304,req_waittime,29701935881.0,req_active,8783366.0,read_bytes,1.41534564762e+12,write_bytes,10737418240.0,ost_setattr,367027494.0,ost_read,28438786772.0,ost_write,190450181.0,ost_connect,1031.0,ldlm_cancel,418003295.0,obd_ping,370636.0,0.0,0.0,0.0,0.0,0.0,3671.0,req_waittime,42262602618.0,req_active,52857874.0,mds_getattr,936.0,mds_getattr_lock,204966298.0,mds_close,1915764374.0,mds_readpage,87144.0,mds_connect,356.0,mds_get_root,222.0,mds_statfs,225.0,mds_getxattr,183119053.0,ldlm_cancel,371599401.0,obd_ping,394928.0,seq_query,75384.0,close,1884963.0,create,16.0,getattr,4.0,intent_lock,12458705.0,rename,14.0,setattr,2000516.0,read_page,5051.0,unlink,1059481.0,getxattr,171916.0,intent_getattr_async,11.0,revalidate_lock,1564954.0,47,Mon Dec 14 20:07:38 2020
0.1,15848.1,357.0,204.0,3571.63293934,425029.0,0.0,8949.0,56587.0,63097.0,13208.4,58.0,62727.0,3642243,3756151833,1359,28954,40,3816816640,57344,0,4050,4049,27858,27845,34817,27858,1077936128,6886,0,0,0,99,523,0,0,20,0,19,0,6396784,4743778304,11793,18446744073709551615,94400596242432,94400596246368,140723018794080,0,0,0,0,2,16800973,0,0,0,17,0,0,0,0,0,0,94400598347072,94400598347800,94400617963520,140723018799224,140723018799282,140723018799282,140723018801130,0,22.2,0.5,4096,131072,6291456,4096,16384,4194304,req_waittime,29703183902.0,req_active,8784120.0,read_bytes,1.41546308813e+12,write_bytes,10737418240.0,ost_setattr,367027494.0,ost_read,28440034793.0,ost_write,190450181.0,ost_connect,1031.0,ldlm_cancel,418003295.0,obd_ping,370636.0,0.0,0.0,0.0,0.0,0.0,3671.0,req_waittime,42262604382.0,req_active,52857880.0,mds_getattr,936.0,mds_getattr_lock,204966817.0,mds_close,1915764896.0,mds_readpage,87144.0,mds_connect,356.0,mds_get_root,222.0,mds_statfs,225.0,mds_getxattr,183119053.0,ldlm_cancel,371599401.0,obd_ping,394928.0,seq_query,75384.0,close,1884965.0,create,16.0,getattr,4.0,intent_lock,12458715.0,rename,14.0,setattr,2000516.0,read_page,5051.0,unlink,1059481.0,getxattr,171916.0,intent_getattr_async,11.0,revalidate_lock,1564954.0,47,Mon Dec 14 20:07:39 2020
0.1,12805.9,357.0,204.0,3679.41427422,437899.0,0.0,8949.0,56587.0,63893.0,10671.5,48.0,62727.0,3758580,3865990169,1406,29792,41,3917479936,57344,0,4050,4049,27858,27845,34817,27858,1077936128,6902,0,0,0,102,533,0,0,20,0,19,0,6396784,4743778304,11793,18446744073709551615,94400596242432,94400596246368,140723018794080,0,0,0,0,2,16800973,0,0,0,17,0,0,0,0,0,0,94400598347072,94400598347800,94400617963520,140723018799224,140723018799282,140723018799282,140723018801130,0,21.8,0.5,4096,131072,6291456,4096,16384,4194304,req_waittime,29704260592.0,req_active,8784808.0,read_bytes,1.41556375142e+12,write_bytes,10737418240.0,ost_setattr,367027494.0,ost_read,28441111483.0,ost_write,190450181.0,ost_connect,1031.0,ldlm_cancel,418003295.0,obd_ping,370636.0,9.0,512.0,0.0,0.0,0.0,3671.0,req_waittime,42262606690.0,req_active,52857886.0,mds_getattr,936.0,mds_getattr_lock,204967579.0,mds_close,1915765508.0,mds_readpage,87144.0,mds_connect,356.0,mds_get_root,222.0,mds_statfs,225.0,mds_getxattr,183119053.0,ldlm_cancel,371599401.0,obd_ping,394928.0,seq_query,75384.0,close,1884967.0,create,16.0,getattr,4.0,intent_lock,12458725.0,rename,14.0,setattr,2000516.0,read_page,5051.0,unlink,1059481.0,getxattr,171916.0,intent_getattr_async,11.0,revalidate_lock,1564954.0,47,Mon Dec 14 20:07:40 2020
0.1,32048.1,357.0,204.0,3787.72474384,450861.0,0.0,8949.0,56587.0,64684.0,26706.7,51.0,62727.0,4134438,3980023523,1453,30664,42,4034920448,57344,0,4050,4049,27858,27845,34817,27858,1077936128,6919,0,0,0,104,546,0,0,20,0,19,0,6396784,4743778304,11793,18446744073709551615,94400596242432,94400596246368,140723018794080,0,0,0,0,2,16800973,0,0,0,17,0,0,0,0,0,0,94400598347072,94400598347800,94400617963520,140723018799224,140723018799282,140723018799282,140723018801130,0,21.6,0.5,4096,131072,6291456,4096,16384,4194304,req_waittime,29705513745.0,req_active,8785520.0,read_bytes,1.41568119194e+12,write_bytes,10737418240.0,ost_setattr,367027494.0,ost_read,28442364636.0,ost_write,190450181.0,ost_connect,1031.0,ldlm_cancel,418003295.0,obd_ping,370636.0,0.0,0.0,0.0,0.0,0.0,3671.0,req_waittime,42262608524.0,req_active,52857892.0,mds_getattr,936.0,mds_getattr_lock,204968162.0,mds_close,1915765979.0,mds_readpage,87144.0,mds_connect,356.0,mds_get_root,222.0,mds_statfs,225.0,mds_getxattr,183119053.0,ldlm_cancel,371599401.0,obd_ping,394928.0,seq_query,75384.0,close,1884969.0,create,16.0,getattr,4.0,intent_lock,12458735.0,rename,14.0,setattr,2000516.0,read_page,5051.0,unlink,1059481.0,getxattr,171916.0,intent_getattr_async,11.0,revalidate_lock,1564954.0,47,Mon Dec 14 20:07:42 2020
0.1,37024.3,357.0,204.0,3896.64969254,463889.0,0.0,8949.0,56587.0,65499.0,30867.6,47.0,62727.0,4116540,4094318307,1500,31536,43,4152360960,57344,0,4050,4049,27858,27845,34817,27858,1077936128,6944,0,0,0,105,560,0,0,20,0,19,0,6396784,4743778304,11801,18446744073709551615,94400596242432,94400596246368,140723018794080,0,0,0,0,2,16800973,0,0,0,17,0,0,0,0,0,0,94400598347072,94400598347800,94400617963520,140723018799224,140723018799282,140723018799282,140723018801130,0,21.4,0.5,4096,131072,6291456,4096,16384,4194304,req_waittime,29706814172.0,req_active,8786261.0,read_bytes,1.41579863245e+12,write_bytes,10737418240.0,ost_setattr,367027494.0,ost_read,28443665063.0,ost_write,190450181.0,ost_connect,1031.0,ldlm_cancel,418003295.0,obd_ping,370636.0,0.0,0.0,0.0,0.0,0.0,3671.0,req_waittime,42262610318.0,req_active,52857898.0,mds_getattr,936.0,mds_getattr_lock,204968672.0,mds_close,1915766529.0,mds_readpage,87144.0,mds_connect,356.0,mds_get_root,222.0,mds_statfs,225.0,mds_getxattr,183119053.0,ldlm_cancel,371599401.0,obd_ping,394928.0,seq_query,75384.0,close,1884971.0,create,16.0,getattr,4.0,intent_lock,12458745.0,rename,14.0,setattr,2000516.0,read_page,5051.0,unlink,1059481.0,getxattr,171916.0,intent_getattr_async,11.0,revalidate_lock,1564954.0,47,Mon Dec 14 20:07:43 2020
0.1,31774.2,357.0,204.0,4002.68898582,476556.0,0.0,8949.0,56587.0,66306.0,26485.3,27.0,62727.0,4117607,4206909155,1547,32395,44,4269801472,57344,0,4050,4049,27858,27845,34817,27858,1077936128,6973,0,0,0,106,576,0,0,20,0,19,0,6396784,4743778304,11808,18446744073709551615,94400596242432,94400596246368,140723018794080,0,0,0,0,2,16800973,0,0,0,17,0,0,0,0,0,0,94400598347072,94400598347800,94400617963520,140723018799224,140723018799282,140723018799282,140723018801130,0,20.6,0.5,4096,131072,6291456,4096,16384,4194304,req_waittime,29708059504.0,req_active,8787014.0,read_bytes,1.41591607296e+12,write_bytes,10737418240.0,ost_setattr,367027494.0,ost_read,28444910395.0,ost_write,190450181.0,ost_connect,1031.0,ldlm_cancel,418003295.0,obd_ping,370636.0,0.0,0.0,0.0,0.0,0.0,3671.0,req_waittime,42262612032.0,req_active,52857904.0,mds_getattr,936.0,mds_getattr_lock,204969172.0,mds_close,1915767035.0,mds_readpage,87144.0,mds_connect,356.0,mds_get_root,222.0,mds_statfs,225.0,mds_getxattr,183119053.0,ldlm_cancel,371599401.0,obd_ping,394928.0,seq_query,75384.0,close,1884973.0,create,16.0,getattr,4.0,intent_lock,12458755.0,rename,14.0,setattr,2000516.0,read_page,5051.0,unlink,1059481.0,getxattr,171916.0,intent_getattr_async,11.0,revalidate_lock,1564954.0,47,Mon Dec 14 20:07:44 2020
0.1,30109.2,357.0,204.0,4109.77151489,489372.0,0.0,8949.0,56587.0,67100.0,25106.4,49.0,62727.0,4152336,4317664995,1594,33240,45,4370464768,57344,0,4050,4049,27858,27845,34817,27858,1077936128,6993,0,0,0,107,589,0,0,20,0,19,0,6396784,4743778304,11808,18446744073709551615,94400596242432,94400596246368,140723018794080,0,0,0,0,2,16800973,0,0,0,17,0,0,0,0,0,0,94400598347072,94400598347800,94400617963520,140723018799224,140723018799282,140723018799282,140723018801130,0,20.4,0.5,4096,131072,6291456,4096,16384,4194304,req_waittime,29709123169.0,req_active,8787662.0,read_bytes,1.41601673626e+12,write_bytes,10737418240.0,ost_setattr,367027494.0,ost_read,28445974060.0,ost_write,190450181.0,ost_connect,1031.0,ldlm_cancel,418003295.0,obd_ping,370636.0,0.0,0.0,0.0,0.0,0.0,3671.0,req_waittime,42262613766.0,req_active,52857910.0,mds_getattr,936.0,mds_getattr_lock,204969667.0,mds_close,1915767550.0,mds_readpage,87144.0,mds_connect,356.0,mds_get_root,222.0,mds_statfs,225.0,mds_getxattr,183119053.0,ldlm_cancel,371599401.0,obd_ping,394928.0,seq_query,75384.0,close,1884975.0,create,16.0,getattr,4.0,intent_lock,12458765.0,rename,14.0,setattr,2000516.0,read_page,5051.0,unlink,1059481.0,getxattr,171916.0,intent_getattr_async,11.0,revalidate_lock,1564954.0,47,Mon Dec 14 20:07:45 2020
0.1,34699.5,357.0,204.0,4215.64113712,502028.0,0.0,8949.0,56587.0,67911.0,28944.9,36.0,62727.0,4143387,4428551907,1641,34086,46,4487905280,57344,0,4050,4049,27858,27845,34817,27858,1077936128,7022,0,0,0,109,604,0,0,20,0,19,0,6396784,4743778304,11816,18446744073709551615,94400596242432,94400596246368,140723018794080,0,0,0,0,2,16800973,0,0,0,17,0,0,0,0,0,0,94400598347072,94400598347800,94400617963520,140723018799224,140723018799282,140723018799282,140723018801130,0,20.3,0.5,4096,131072,6291456,4096,16384,4194304,req_waittime,29710366544.0,req_active,8788416.0,read_bytes,1.41613417677e+12,write_bytes,10737418240.0,ost_setattr,367027494.0,ost_read,28447217435.0,ost_write,190450181.0,ost_connect,1031.0,ldlm_cancel,418003295.0,obd_ping,370636.0,0.0,0.0,0.0,0.0,0.0,3671.0,req_waittime,42262615581.0,req_active,52857916.0,mds_getattr,936.0,mds_getattr_lock,204970249.0,mds_close,1915768056.0,mds_readpage,87144.0,mds_connect,356.0,mds_get_root,222.0,mds_statfs,225.0,mds_getxattr,183119053.0,ldlm_cancel,371599401.0,obd_ping,394928.0,seq_query,75384.0,close,1884977.0,create,16.0,getattr,4.0,intent_lock,12458775.0,rename,14.0,setattr,2000516.0,read_page,5051.0,unlink,1059481.0,getxattr,171916.0,intent_getattr_async,11.0,revalidate_lock,1564954.0,47,Mon Dec 14 20:07:46 2020
0.1,37905.2,357.0,204.0,4321.26326084,514676.0,0.0,8949.0,56587.0,68698.0,31592.5,46.0,62727.0,4143387,4541143469,1688,34947,47,4605345792,61440,0,4050,4049,27858,27845,34817,27858,1077936128,7053,0,0,0,111,618,0,0,20,0,19,0,6396784,4743778304,11823,18446744073709551615,94400596242432,94400596246368,140723018794080,0,0,0,0,2,16800973,0,0,0,17,0,0,0,0,0,0,94400598347072,94400598347800,94400617963520,140723018799224,140723018799282,140723018799282,140723018801130,0,20.2,0.5,4096,131072,6291456,4096,16384,4194304,req_waittime,29711694650.0,req_active,8789158.0,read_bytes,1.41625161728e+12,write_bytes,10737418240.0,ost_setattr,367027494.0,ost_read,28448545541.0,ost_write,190450181.0,ost_connect,1031.0,ldlm_cancel,418003295.0,obd_ping,370636.0,0.0,0.0,0.0,0.0,0.0,3671.0,req_waittime,42262617317.0,req_active,52857922.0,mds_getattr,936.0,mds_getattr_lock,204970754.0,mds_close,1915768555.0,mds_readpage,87144.0,mds_connect,356.0,mds_get_root,222.0,mds_statfs,225.0,mds_getxattr,183119053.0,ldlm_cancel,371599401.0,obd_ping,394928.0,seq_query,75384.0,close,1884979.0,create,16.0,getattr,4.0,intent_lock,12458785.0,rename,14.0,setattr,2000516.0,read_page,5051.0,unlink,1059481.0,getxattr,171916.0,intent_getattr_async,11.0,revalidate_lock,1564954.0,47,Mon Dec 14 20:07:47 2020
0.1,31460.5,357.0,204.0,4431.85242367,527897.0,0.0,8949.0,56587.0,69519.0,26240.6,33.0,62727.0,4134438,4655176813,1735,35819,48,4706009088,73728,0,4050,4049,27858,27845,34817,27858,1077936128,7082,0,0,0,113,631,0,0,20,0,19,0,6396784,4743778304,11889,18446744073709551615,94400596242432,94400596246368,140723018794080,0,0,0,0,2,16800973,0,0,0,17,0,0,0,0,0,0,94400598347072,94400598347800,94400617963520,140723018799224,140723018799282,140723018799282,140723018801130,0,20.1,0.5,4096,131072,6291456,4096,16384,4194304,req_waittime,29712908496.0,req_active,8789912.0,read_bytes,1.41636591206e+12,write_bytes,10737418240.0,ost_setattr,367027494.0,ost_read,28449759387.0,ost_write,190450181.0,ost_connect,1031.0,ldlm_cancel,418003295.0,obd_ping,370636.0,0.0,0.0,0.0,0.0,0.0,3671.0,req_waittime,42262619106.0,req_active,52857928.0,mds_getattr,936.0,mds_getattr_lock,204971314.0,mds_close,1915769057.0,mds_readpage,87144.0,mds_connect,356.0,mds_get_root,222.0,mds_statfs,225.0,mds_getxattr,183119053.0,ldlm_cancel,371599401.0,obd_ping,394928.0,seq_query,75384.0,close,1884981.0,create,16.0,getattr,4.0,intent_lock,12458795.0,rename,14.0,setattr,2000516.0,read_page,5051.0,unlink,1059481.0,getxattr,171916.0,intent_getattr_async,11.0,revalidate_lock,1564954.0,47,Mon Dec 14 20:07:48 2020
0.1,29275.8,357.0,204.0,4539.23264027,540740.0,0.0,8949.0,56587.0,70311.0,24411.0,30.0,62727.0,4170234,4767767661,1829,36678,50,4823449600,73728,0,4050,4049,27858,27845,34817,27858,1077936128,7134,0,0,0,115,644,0,0,20,0,19,0,6396784,4743778304,11904,18446744073709551615,94400596242432,94400596246368,140723018794080,0,0,0,0,2,16800973,0,0,0,17,0,0,0,0,0,0,94400598347072,94400598347800,94400617963520,140723018799224,140723018799282,140723018799282,140723018801130,0,19.9,0.5,4096,131072,6291456,4096,16384,4194304,req_waittime,29714043213.0,req_active,8790553.0,read_bytes,1.41646972109e+12,write_bytes,10737418240.0,ost_setattr,367027494.0,ost_read,28450894104.0,ost_write,190450181.0,ost_connect,1031.0,ldlm_cancel,418003295.0,obd_ping,370636.0,0.0,0.0,0.0,0.0,0.0,3671.0,req_waittime,42262620820.0,req_active,52857934.0,mds_getattr,936.0,mds_getattr_lock,204971831.0,mds_close,1915769559.0,mds_readpage,87144.0,mds_connect,356.0,mds_get_root,222.0,mds_statfs,225.0,mds_getxattr,183119053.0,ldlm_cancel,371599401.0,obd_ping,394928.0,seq_query,75384.0,close,1884983.0,create,16.0,getattr,4.0,intent_lock,12458805.0,rename,14.0,setattr,2000516.0,read_page,5051.0,unlink,1059481.0,getxattr,171916.0,intent_getattr_async,11.0,revalidate_lock,1564954.0,47,Mon Dec 14 20:07:49 2020
0.1,29023.0,357.0,204.0,4646.38242722,553566.0,0.0,8949.0,56587.0,71116.0,24203.0,39.0,62727.0,2055398,4880490285,1876,37540,51,4940890112,73728,0,4050,4049,27858,27845,34817,27858,1077936128,7159,0,0,0,115,658,0,0,20,0,19,0,6396784,4743778304,11909,18446744073709551615,94400596242432,94400596246368,140723018794080,0,0,0,0,2,16800973,0,0,0,17,0,0,0,0,0,0,94400598347072,94400598347800,94400617963520,140723018799224,140723018799282,140723018799282,140723018801130,0,19.8,0.6,4096,131072,6291456,4096,16384,4194304,req_waittime,29715291885.0,req_active,8791305.0,read_bytes,1.4165871616e+12,write_bytes,10737418240.0,ost_setattr,367027494.0,ost_read,28452142776.0,ost_write,190450181.0,ost_connect,1031.0,ldlm_cancel,418003295.0,obd_ping,370636.0,0.0,0.0,0.0,0.0,0.0,3671.0,req_waittime,42262622638.0,req_active,52857940.0,mds_getattr,936.0,mds_getattr_lock,204972359.0,mds_close,1915770095.0,mds_readpage,87144.0,mds_connect,356.0,mds_get_root,222.0,mds_statfs,225.0,mds_getxattr,183119053.0,ldlm_cancel,371599401.0,obd_ping,394928.0,seq_query,75384.0,close,1884985.0,create,16.0,getattr,4.0,intent_lock,12458815.0,rename,14.0,setattr,2000516.0,read_page,5051.0,unlink,1059481.0,getxattr,171916.0,intent_getattr_async,11.0,revalidate_lock,1564954.0,47,Mon Dec 14 20:07:50 2020
0.1,26646.4,357.0,204.0,4752.03015423,566206.0,0.0,8949.0,56587.0,71902.0,22205.3,42.0,62727.0,4107591,4991246829,1923,38387,52,5041553408,73728,0,4050,4049,27858,27845,34817,27858,1077936128,7178,0,0,0,117,669,0,0,20,0,19,0,6396784,4743778304,11911,18446744073709551615,94400596242432,94400596246368,140723018794080,0,0,0,0,2,16800973,0,0,0,17,0,0,0,0,0,0,94400598347072,94400598347800,94400617963520,140723018799224,140723018799282,140723018799282,140723018801130,0,19.6,0.6,4096,131072,6291456,4096,16384,4194304,req_waittime,29716545663.0,req_active,8792059.0,read_bytes,1.41670460211e+12,write_bytes,10737418240.0,ost_setattr,367027494.0,ost_read,28453396554.0,ost_write,190450181.0,ost_connect,1031.0,ldlm_cancel,418003295.0,obd_ping,370636.0,0.0,0.0,0.0,0.0,0.0,3671.0,req_waittime,42262624446.0,req_active,52857946.0,mds_getattr,936.0,mds_getattr_lock,204972876.0,mds_close,1915770641.0,mds_readpage,87144.0,mds_connect,356.0,mds_get_root,222.0,mds_statfs,225.0,mds_getxattr,183119053.0,ldlm_cancel,371599401.0,obd_ping,394928.0,seq_query,75384.0,close,1884987.0,create,16.0,getattr,4.0,intent_lock,12458825.0,rename,14.0,setattr,2000516.0,read_page,5051.0,unlink,1059481.0,getxattr,171916.0,intent_getattr_async,11.0,revalidate_lock,1564954.0,47,Mon Dec 14 20:07:51 2020
0.1,28241.3,357.0,204.0,4863.72025871,579598.0,0.0,8949.0,56587.0,72759.0,23534.4,75.0,62727.0,2818935,5109343405,1970,39290,53,5158993920,86016,0,4050,4049,27858,27845,34817,27858,1077936128,7205,0,0,0,120,683,0,0,20,0,19,0,6396784,4743778304,11918,18446744073709551615,94400596242432,94400596246368,140723018794080,0,0,0,0,2,16800973,0,0,0,17,0,0,0,0,0,0,94400598347072,94400598347800,94400617963520,140723018799224,140723018799282,140723018799282,140723018801130,0,19.5,0.6,4096,131072,6291456,4096,16384,4194304,req_waittime,29717823334.0,req_active,8792814.0,read_bytes,1.41682204262e+12,write_bytes,10737418240.0,ost_setattr,367027494.0,ost_read,28454674225.0,ost_write,190450181.0,ost_connect,1031.0,ldlm_cancel,418003295.0,obd_ping,370636.0,0.0,0.0,0.0,0.0,0.0,3671.0,req_waittime,42262626321.0,req_active,52857952.0,mds_getattr,936.0,mds_getattr_lock,204973478.0,mds_close,1915771167.0,mds_readpage,87144.0,mds_connect,356.0,mds_get_root,222.0,mds_statfs,225.0,mds_getxattr,183119053.0,ldlm_cancel,371599401.0,obd_ping,394928.0,seq_query,75384.0,close,1884989.0,create,16.0,getattr,4.0,intent_lock,12458835.0,rename,14.0,setattr,2000516.0,read_page,5051.0,unlink,1059481.0,getxattr,171916.0,intent_getattr_async,11.0,revalidate_lock,1564954.0,47,Mon Dec 14 20:07:52 2020
0.1,36610.0,357.0,204.0,4973.20847988,592657.0,0.0,8949.0,56587.0,73553.0,30535.7,40.0,62727.0,4152336,5222852461,2017,40158,54,5276434432,90112,0,4050,4049,27858,27845,34817,27858,1077936128,7230,0,0,0,121,697,0,0,20,0,19,0,6396784,4743778304,11925,18446744073709551615,94400596242432,94400596246368,140723018794080,0,0,0,0,2,16800973,0,0,0,17,0,0,0,0,0,0,94400598347072,94400598347800,94400617963520,140723018799224,140723018799282,140723018799282,140723018801130,0,19.4,0.6,4096,131072,6291456,4096,16384,4194304,req_waittime,29718887759.0,req_active,8793460.0,read_bytes,1.41692270592e+12,write_bytes,10737418240.0,ost_setattr,367027494.0,ost_read,28455738650.0,ost_write,190450181.0,ost_connect,1031.0,ldlm_cancel,418003295.0,obd_ping,370636.0,0.0,0.0,0.0,0.0,0.0,3671.0,req_waittime,42262628008.0,req_active,52857958.0,mds_getattr,936.0,mds_getattr_lock,204973988.0,mds_close,1915771666.0,mds_readpage,87144.0,mds_connect,356.0,mds_get_root,222.0,mds_statfs,225.0,mds_getxattr,183119053.0,ldlm_cancel,371599401.0,obd_ping,394928.0,seq_query,75384.0,close,1884991.0,create,16.0,getattr,4.0,intent_lock,12458845.0,rename,14.0,setattr,2000516.0,read_page,5051.0,unlink,1059481.0,getxattr,171916.0,intent_getattr_async,11.0,revalidate_lock,1564954.0,47,Mon Dec 14 20:07:54 2020
0.1,33922.3,357.0,204.0,5086.28969669,606178.0,0.0,8949.0,56587.0,74388.0,28272.5,48.0,62727.0,4161285,5341473325,2064,41065,55,5368709120,90112,0,4050,4049,27858,27845,34817,27858,1077936128,7320,0,0,0,123,710,0,0,20,0,19,0,6396784,4743778304,11997,18446744073709551615,94400596242432,94400596246368,140723018794080,0,0,0,0,2,16800973,0,0,0,17,0,0,0,0,0,0,94400598347072,94400598347800,94400617963520,140723018799224,140723018799282,140723018799282,140723018801130,0,19.3,0.6,4096,131072,6291456,4096,16384,4194304,req_waittime,29719945900.0,req_active,8794027.0,read_bytes,1.41701498061e+12,write_bytes,10737418240.0,ost_setattr,367027494.0,ost_read,28456796791.0,ost_write,190450181.0,ost_connect,1031.0,ldlm_cancel,418003295.0,obd_ping,370636.0,0.0,0.0,0.0,0.0,0.0,3671.0,req_waittime,42262629853.0,req_active,52857964.0,mds_getattr,936.0,mds_getattr_lock,204974516.0,mds_close,1915772257.0,mds_readpage,87144.0,mds_connect,356.0,mds_get_root,222.0,mds_statfs,225.0,mds_getxattr,183119053.0,ldlm_cancel,371599401.0,obd_ping,394928.0,seq_query,75384.0,close,1884993.0,create,16.0,getattr,4.0,intent_lock,12458855.0,rename,14.0,setattr,2000516.0,read_page,5051.0,unlink,1059481.0,getxattr,171916.0,intent_getattr_async,11.0,revalidate_lock,1564954.0,47,Mon Dec 14 20:07:55 2020
0.1,30578.3,357.0,204.0,5193.81499863,619014.0,0.0,8949.0,56587.0,75177.0,25481.9,38.0,62727.0,4107591,5455908080,2124,41944,58,5464129536,90112,0,4050,4049,27858,27845,34817,27858,1077936128,7411,0,0,0,126,721,0,0,20,0,19,0,6396784,4743778304,12070,18446744073709551615,94400596242432,94400596246368,140723018794080,0,0,0,0,2,16800973,0,0,0,17,0,0,0,0,0,0,94400598347072,94400598347800,94400617963520,140723018799224,140723018799282,140723018799282,140723018801130,0,19.2,0.6,4096,131072,6291456,4096,16384,4194304,req_waittime,29720720961.0,req_active,8794463.0,read_bytes,1.41711040102e+12,write_bytes,10737418240.0,ost_setattr,367027494.0,ost_read,28457571852.0,ost_write,190450181.0,ost_connect,1031.0,ldlm_cancel,418003295.0,obd_ping,370636.0,0.0,0.0,0.0,0.0,0.0,3671.0,req_waittime,42262632479.0,req_active,52857973.0,mds_getattr,936.0,mds_getattr_lock,204975014.0,mds_close,1915773082.0,mds_readpage,87144.0,mds_connect,356.0,mds_get_root,222.0,mds_statfs,225.0,mds_getxattr,183119053.0,ldlm_cancel,371599644.0,obd_ping,394928.0,seq_query,75384.0,close,1884996.0,create,16.0,getattr,4.0,intent_lock,12458868.0,rename,14.0,setattr,2000516.0,read_page,5051.0,unlink,1059481.0,getxattr,171916.0,intent_getattr_async,11.0,revalidate_lock,1564954.0,47,Mon Dec 14 20:07:56 2020
0.1,35518.3,357.0,204.0,5304.62605667,632264.0,0.0,8949.0,56587.0,75999.0,29615.7,40.0,62727.0,4116540,5572037872,2171,42830,59,5582618624,90112,0,4050,4049,27858,27845,34817,27858,1077936128,7440,0,0,0,126,734,0,0,20,0,19,0,6396784,4743778304,12077,18446744073709551615,94400596242432,94400596246368,140723018794080,0,0,0,0,2,16800973,0,0,0,17,0,0,0,0,0,0,94400598347072,94400598347800,94400617963520,140723018799224,140723018799282,140723018799282,140723018801130,0,18.7,0.6,4096,131072,6291456,4096,16384,4194304,req_waittime,29721991765.0,req_active,8795223.0,read_bytes,1.41722889011e+12,write_bytes,10737418240.0,ost_setattr,367027494.0,ost_read,28458842656.0,ost_write,190450181.0,ost_connect,1031.0,ldlm_cancel,418003295.0,obd_ping,370636.0,0.0,0.0,0.0,0.0,0.0,3671.0,req_waittime,42262634411.0,req_active,52857979.0,mds_getattr,936.0,mds_getattr_lock,204975582.0,mds_close,1915773615.0,mds_readpage,87144.0,mds_connect,356.0,mds_get_root,222.0,mds_statfs,225.0,mds_getxattr,183119053.0,ldlm_cancel,371599644.0,obd_ping,394928.0,seq_query,75384.0,close,1884998.0,create,16.0,getattr,4.0,intent_lock,12458878.0,rename,14.0,setattr,2000516.0,read_page,5051.0,unlink,1059481.0,getxattr,171916.0,intent_getattr_async,11.0,revalidate_lock,1564954.0,47,Mon Dec 14 20:07:57 2020
0.1,33296.3,357.0,204.0,5413.44005775,645268.0,0.0,8949.0,56587.0,76825.0,27750.6,37.0,62727.0,2684363,5686202288,2218,43703,60,5707399168,90112,0,4050,4049,27858,27845,34817,27858,1077936128,7470,0,0,0,130,747,0,0,20,0,19,0,6396784,4743778304,12086,18446744073709551615,94400596242432,94400596246368,140723018794080,0,0,0,0,2,16800973,0,0,0,17,0,0,0,0,0,0,94400598347072,94400598347800,94400617963520,140723018799224,140723018799282,140723018799282,140723018801130,0,18.6,0.6,4096,131072,6291456,4096,16384,4194304,req_waittime,29723442715.0,req_active,8796032.0,read_bytes,1.41735367066e+12,write_bytes,10737418240.0,ost_setattr,367027494.0,ost_read,28460293606.0,ost_write,190450181.0,ost_connect,1031.0,ldlm_cancel,418003295.0,obd_ping,370636.0,0.0,0.0,0.0,0.0,0.0,3671.0,req_waittime,42262636201.0,req_active,52857985.0,mds_getattr,936.0,mds_getattr_lock,204976092.0,mds_close,1915774124.0,mds_readpage,87144.0,mds_connect,356.0,mds_get_root,222.0,mds_statfs,225.0,mds_getxattr,183119053.0,ldlm_cancel,371599644.0,obd_ping,394928.0,seq_query,75384.0,close,1885000.0,create,16.0,getattr,4.0,intent_lock,12458888.0,rename,14.0,setattr,2000516.0,read_page,5051.0,unlink,1059481.0,getxattr,171916.0,intent_getattr_async,11.0,revalidate_lock,1564954.0,47,Mon Dec 14 20:07:58 2020
0.1,32254.5,357.0,204.0,5519.67666054,657971.0,0.0,8949.0,56587.0,77612.0,26903.5,43.0,62727.0,4134438,5795910256,2265,44542,61,5814353920,90112,0,4050,4049,27858,27845,34817,27858,1077936128,7499,0,0,0,132,760,0,0,20,0,19,0,6396784,4743778304,12092,18446744073709551615,94400596242432,94400596246368,140723018794080,0,0,0,0,2,16800973,0,0,0,17,0,0,0,0,0,0,94400598347072,94400598347800,94400617963520,140723018799224,140723018799282,140723018799282,140723018801130,0,18.5,0.6,4096,131072,6291456,4096,16384,4194304,req_waittime,29724753720.0,req_active,8796848.0,read_bytes,1.41747215974e+12,write_bytes,10737418240.0,ost_setattr,367027494.0,ost_read,28461604611.0,ost_write,190450181.0,ost_connect,1031.0,ldlm_cancel,418003295.0,obd_ping,370636.0,1.0,0.0,0.0,0.0,0.0,3671.0,req_waittime,42262638345.0,req_active,52857991.0,mds_getattr,936.0,mds_getattr_lock,204976628.0,mds_close,1915774650.0,mds_readpage,87144.0,mds_connect,356.0,mds_get_root,222.0,mds_statfs,225.0,mds_getxattr,183119053.0,ldlm_cancel,371599644.0,obd_ping,394928.0,seq_query,75384.0,close,1885002.0,create,16.0,getattr,4.0,intent_lock,12458898.0,rename,14.0,setattr,2000516.0,read_page,5051.0,unlink,1059481.0,getxattr,171916.0,intent_getattr_async,11.0,revalidate_lock,1564954.0,47,Mon Dec 14 20:07:59 2020
0.1,35740.7,357.0,204.0,5625.93886662,670674.0,0.0,8949.0,56587.0,78407.0,29788.3,45.0,62727.0,4152336,5907453232,2312,45395,62,5939134464,90112,0,4050,4049,27858,27845,34817,27858,1077936128,7528,0,0,0,135,773,0,0,20,0,19,0,6396784,4743778304,12099,18446744073709551615,94400596242432,94400596246368,140723018794080,0,0,0,0,2,16800973,0,0,0,17,0,0,0,0,0,0,94400598347072,94400598347800,94400617963520,140723018799224,140723018799282,140723018799282,140723018801130,0,18.5,0.6,4096,131072,6291456,4096,16384,4194304,req_waittime,29726039019.0,req_active,8797540.0,read_bytes,1.41758540595e+12,write_bytes,10737418240.0,ost_setattr,367027494.0,ost_read,28462889910.0,ost_write,190450181.0,ost_connect,1031.0,ldlm_cancel,418003295.0,obd_ping,370636.0,0.0,0.0,0.0,0.0,0.0,3671.0,req_waittime,42262640089.0,req_active,52857997.0,mds_getattr,936.0,mds_getattr_lock,204977151.0,mds_close,1915775177.0,mds_readpage,87144.0,mds_connect,356.0,mds_get_root,222.0,mds_statfs,225.0,mds_getxattr,183119053.0,ldlm_cancel,371599644.0,obd_ping,394928.0,seq_query,75384.0,close,1885004.0,create,16.0,getattr,4.0,intent_lock,12458908.0,rename,14.0,setattr,2000516.0,read_page,5051.0,unlink,1059481.0,getxattr,171916.0,intent_getattr_async,11.0,revalidate_lock,1564954.0,47,Mon Dec 14 20:08:00 2020
0.1,30964.2,357.0,204.0,5730.57099628,683192.0,0.0,8949.0,56587.0,79184.0,25816.5,42.0,62727.0,4125489,6017291568,2359,46233,63,6063915008,90112,0,4050,4049,27858,27845,34817,27858,1077936128,7557,0,0,0,139,787,0,0,20,0,19,0,6396784,4743778304,12107,18446744073709551615,94400596242432,94400596246368,140723018794080,0,0,0,0,2,16800973,0,0,0,17,0,0,0,0,0,0,94400598347072,94400598347800,94400617963520,140723018799224,140723018799282,140723018799282,140723018801130,0,18.5,0.6,4096,131072,6291456,4096,16384,4194304,req_waittime,29727489711.0,req_active,8798351.0,read_bytes,1.4177101865e+12,write_bytes,10737418240.0,ost_setattr,367027494.0,ost_read,28464340602.0,ost_write,190450181.0,ost_connect,1031.0,ldlm_cancel,418003295.0,obd_ping,370636.0,0.0,0.0,0.0,0.0,0.0,3671.0,req_waittime,42262642044.0,req_active,52858003.0,mds_getattr,936.0,mds_getattr_lock,204977739.0,mds_close,1915775670.0,mds_readpage,87144.0,mds_connect,356.0,mds_get_root,222.0,mds_statfs,225.0,mds_getxattr,183119053.0,ldlm_cancel,371599644.0,obd_ping,394928.0,seq_query,75384.0,close,1885006.0,create,16.0,getattr,4.0,intent_lock,12458918.0,rename,14.0,setattr,2000516.0,read_page,5051.0,unlink,1059481.0,getxattr,171916.0,intent_getattr_async,11.0,revalidate_lock,1564954.0,47,Mon Dec 14 20:08:01 2020
0.1,27380.9,357.0,204.0,5836.8161335,695896.0,0.0,8949.0,56587.0,79972.0,22820.0,45.0,62727.0,4161285,6128572400,2453,47084,65,6170869760,90112,0,4050,4049,27858,27845,34817,27858,1077936128,7609,0,0,0,141,799,0,0,20,0,19,0,6396784,4743778304,12122,18446744073709551615,94400596242432,94400596246368,140723018794080,0,0,0,0,2,16800973,0,0,0,17,0,0,0,0,0,0,94400598347072,94400598347800,94400617963520,140723018799224,140723018799282,140723018799282,140723018801130,0,18.4,0.6,4096,131072,6291456,4096,16384,4194304,req_waittime,29728733439.0,req_active,8799050.0,read_bytes,1.41781714125e+12,write_bytes,10737418240.0,ost_setattr,367027494.0,ost_read,28465584330.0,ost_write,190450181.0,ost_connect,1031.0,ldlm_cancel,418003295.0,obd_ping,370636.0,0.0,0.0,0.0,0.0,0.0,3671.0,req_waittime,42262643748.0,req_active,52858009.0,mds_getattr,936.0,mds_getattr_lock,204978259.0,mds_close,1915776178.0,mds_readpage,87144.0,mds_connect,356.0,mds_get_root,222.0,mds_statfs,225.0,mds_getxattr,183119053.0,ldlm_cancel,371599644.0,obd_ping,394928.0,seq_query,75384.0,close,1885008.0,create,16.0,getattr,4.0,intent_lock,12458928.0,rename,14.0,setattr,2000516.0,read_page,5051.0,unlink,1059481.0,getxattr,171916.0,intent_getattr_async,11.0,revalidate_lock,1564954.0,47,Mon Dec 14 20:08:02 2020
0.1,34426.8,357.0,204.0,5943.01006413,708581.0,0.0,8949.0,56587.0,80763.0,28717.2,51.0,62727.0,4125489,6241557168,2500,47948,66,6295650304,90112,0,4050,4049,27858,27845,34817,27858,1077936128,7637,0,0,0,143,814,0,0,20,0,19,0,6396784,4743778304,12129,18446744073709551615,94400596242432,94400596246368,140723018794080,0,0,0,0,2,16800973,0,0,0,17,0,0,0,0,0,0,94400598347072,94400598347800,94400617963520,140723018799224,140723018799282,140723018799282,140723018801130,0,18.4,0.6,4096,131072,6291456,4096,16384,4194304,req_waittime,29730152588.0,req_active,8799860.0,read_bytes,1.41794192179e+12,write_bytes,10737418240.0,ost_setattr,367027494.0,ost_read,28467003479.0,ost_write,190450181.0,ost_connect,1031.0,ldlm_cancel,418003295.0,obd_ping,370636.0,0.0,0.0,0.0,0.0,0.0,3671.0,req_waittime,42262645481.0,req_active,52858015.0,mds_getattr,936.0,mds_getattr_lock,204978782.0,mds_close,1915776693.0,mds_readpage,87144.0,mds_connect,356.0,mds_get_root,222.0,mds_statfs,225.0,mds_getxattr,183119053.0,ldlm_cancel,371599644.0,obd_ping,394928.0,seq_query,75384.0,close,1885010.0,create,16.0,getattr,4.0,intent_lock,12458938.0,rename,14.0,setattr,2000516.0,read_page,5051.0,unlink,1059481.0,getxattr,171916.0,intent_getattr_async,11.0,revalidate_lock,1564954.0,47,Mon Dec 14 20:08:03 2020
0.1,33005.1,357.0,204.0,6050.85967445,721469.0,0.0,8949.0,56587.0,81567.0,27511.7,55.0,62727.0,4107591,6354541232,2547,48810,67,6417285120,90112,0,4050,4049,27858,27845,34817,27858,1077936128,7665,0,0,0,144,829,0,0,20,0,19,0,6396784,4743778304,12136,18446744073709551615,94400596242432,94400596246368,140723018794080,0,0,0,0,2,16800973,0,0,0,17,0,0,0,0,0,0,94400598347072,94400598347800,94400617963520,140723018799224,140723018799282,140723018799282,140723018801130,0,18.3,0.6,4096,131072,6291456,4096,16384,4194304,req_waittime,29731553010.0,req_active,8800644.0,read_bytes,1.41806355661e+12,write_bytes,10737418240.0,ost_setattr,367027494.0,ost_read,28468403901.0,ost_write,190450181.0,ost_connect,1031.0,ldlm_cancel,418003295.0,obd_ping,370636.0,0.0,0.0,0.0,0.0,0.0,3671.0,req_waittime,42262649362.0,req_active,52858021.0,mds_getattr,936.0,mds_getattr_lock,204979516.0,mds_close,1915778665.0,mds_readpage,87144.0,mds_connect,356.0,mds_get_root,222.0,mds_statfs,225.0,mds_getxattr,183119053.0,ldlm_cancel,371599644.0,obd_ping,394928.0,seq_query,75384.0,close,1885012.0,create,16.0,getattr,4.0,intent_lock,12458948.0,rename,14.0,setattr,2000516.0,read_page,5051.0,unlink,1059481.0,getxattr,171916.0,intent_getattr_async,11.0,revalidate_lock,1564954.0,47,Mon Dec 14 20:08:04 2020
0.1,16796.3,357.0,204.0,6158.64954376,734331.0,0.0,8949.0,56587.0,82368.0,13996.9,39.0,62727.0,3400620,6471982448,2594,49708,68,6534725632,90112,0,4050,4049,27858,27845,34817,27858,1077936128,7695,0,0,0,147,843,0,0,20,0,19,0,6396784,4743778304,12144,18446744073709551615,94400596242432,94400596246368,140723018794080,0,0,0,0,2,16800973,0,0,0,17,0,0,0,0,0,0,94400598347072,94400598347800,94400617963520,140723018799224,140723018799282,140723018799282,140723018801130,0,18.3,0.6,4096,131072,6291456,4096,16384,4194304,req_waittime,29732805814.0,req_active,8801400.0,read_bytes,1.41818099712e+12,write_bytes,10737418240.0,ost_setattr,367027494.0,ost_read,28469656705.0,ost_write,190450181.0,ost_connect,1031.0,ldlm_cancel,418003295.0,obd_ping,370636.0,0.0,0.0,0.0,0.0,0.0,3671.0,req_waittime,42262651027.0,req_active,52858027.0,mds_getattr,936.0,mds_getattr_lock,204980018.0,mds_close,1915779155.0,mds_readpage,87144.0,mds_connect,356.0,mds_get_root,222.0,mds_statfs,225.0,mds_getxattr,183119053.0,ldlm_cancel,371599644.0,obd_ping,394928.0,seq_query,75384.0,close,1885014.0,create,16.0,getattr,4.0,intent_lock,12458958.0,rename,14.0,setattr,2000516.0,read_page,5051.0,unlink,1059481.0,getxattr,171916.0,intent_getattr_async,11.0,revalidate_lock,1564954.0,47,Mon Dec 14 20:08:05 2020
0.1,43075.9,357.0,204.0,6269.80197906,747605.0,0.0,8949.0,56587.0,83192.0,35896.6,37.0,62727.0,4116540,6582345072,2641,50550,69,6635388928,90112,0,4050,4049,27858,27845,34817,27858,1077936128,7723,0,0,0,150,857,0,0,20,0,19,0,6396784,4743778304,12151,18446744073709551615,94400596242432,94400596246368,140723018794080,0,0,0,0,2,16800973,0,0,0,17,0,0,0,0,0,0,94400598347072,94400598347800,94400617963520,140723018799224,140723018799282,140723018799282,140723018801130,0,18.3,0.6,4096,131072,6291456,4096,16384,4194304,req_waittime,29733877177.0,req_active,8802047.0,read_bytes,1.41828166042e+12,write_bytes,10737418240.0,ost_setattr,367027494.0,ost_read,28470728068.0,ost_write,190450181.0,ost_connect,1031.0,ldlm_cancel,418003295.0,obd_ping,370636.0,0.0,0.0,0.0,0.0,0.0,3671.0,req_waittime,42262652717.0,req_active,52858033.0,mds_getattr,936.0,mds_getattr_lock,204980525.0,mds_close,1915779626.0,mds_readpage,87144.0,mds_connect,356.0,mds_get_root,222.0,mds_statfs,225.0,mds_getxattr,183119053.0,ldlm_cancel,371599644.0,obd_ping,394928.0,seq_query,75384.0,close,1885016.0,create,16.0,getattr,4.0,intent_lock,12458968.0,rename,14.0,setattr,2000516.0,read_page,5051.0,unlink,1059481.0,getxattr,171916.0,intent_getattr_async,11.0,revalidate_lock,1564954.0,47,Mon Dec 14 20:08:07 2020
0.1,31137.1,357.0,204.0,6376.75818157,760386.0,0.0,8949.0,56587.0,83977.0,25947.6,37.0,62727.0,4158446,6694674480,2688,51409,70,6752829440,90112,0,4050,4049,27858,27845,34817,27858,1077936128,7752,0,0,0,151,870,0,0,20,0,19,0,6396784,4743778304,12158,18446744073709551615,94400596242432,94400596246368,140723018794080,0,0,0,0,2,16800973,0,0,0,17,0,0,0,0,0,0,94400598347072,94400598347800,94400617963520,140723018799224,140723018799282,140723018799282,140723018801130,0,18.2,0.6,4096,131072,6291456,4096,16384,4194304,req_waittime,29735145147.0,req_active,8802802.0,read_bytes,1.41839910093e+12,write_bytes,10737418240.0,ost_setattr,367027494.0,ost_read,28471996038.0,ost_write,190450181.0,ost_connect,1031.0,ldlm_cancel,418003295.0,obd_ping,370636.0,0.0,0.0,0.0,0.0,0.0,3671.0,req_waittime,42262654518.0,req_active,52858039.0,mds_getattr,936.0,mds_getattr_lock,204981132.0,mds_close,1915780124.0,mds_readpage,87144.0,mds_connect,356.0,mds_get_root,222.0,mds_statfs,225.0,mds_getxattr,183119053.0,ldlm_cancel,371599644.0,obd_ping,394928.0,seq_query,75384.0,close,1885018.0,create,16.0,getattr,4.0,intent_lock,12458978.0,rename,14.0,setattr,2000516.0,read_page,5051.0,unlink,1059481.0,getxattr,171916.0,intent_getattr_async,11.0,revalidate_lock,1564954.0,47,Mon Dec 14 20:08:08 2020
0.1,18111.8,357.0,204.0,6485.15128803,773343.0,0.0,8949.0,56587.0,84785.0,15096.5,51.0,62727.0,3382722,6809231408,2735,52283,71,6870269952,90112,0,4050,4049,27858,27845,34817,27858,1077936128,7781,0,0,0,153,884,0,0,20,0,19,0,6396784,4743778304,12232,18446744073709551615,94400596242432,94400596246368,140723018794080,0,0,0,0,2,16800973,0,0,0,17,0,0,0,0,0,0,94400598347072,94400598347800,94400617963520,140723018799224,140723018799282,140723018799282,140723018801130,0,18.1,0.6,4096,131072,6291456,4096,16384,4194304,req_waittime,29736396772.0,req_active,8803555.0,read_bytes,1.41851654144e+12,write_bytes,10737418240.0,ost_setattr,367027494.0,ost_read,28473247663.0,ost_write,190450181.0,ost_connect,1031.0,ldlm_cancel,418003295.0,obd_ping,370636.0,0.0,0.0,0.0,0.0,0.0,3671.0,req_waittime,42262656210.0,req_active,52858045.0,mds_getattr,936.0,mds_getattr_lock,204981638.0,mds_close,1915780613.0,mds_readpage,87144.0,mds_connect,356.0,mds_get_root,222.0,mds_statfs,225.0,mds_getxattr,183119053.0,ldlm_cancel,371599644.0,obd_ping,394928.0,seq_query,75384.0,close,1885020.0,create,16.0,getattr,4.0,intent_lock,12458988.0,rename,14.0,setattr,2000516.0,read_page,5051.0,unlink,1059481.0,getxattr,171916.0,intent_getattr_async,11.0,revalidate_lock,1564954.0,47,Mon Dec 14 20:08:09 2020
0.1,47121.2,357.0,204.0,6594.67364693,786409.0,0.0,8949.0,56587.0,85598.0,39320.5,39.0,62727.0,4116540,6926409776,2782,53177,72,6987710464,90112,0,4050,4049,27858,27845,34817,27858,1077936128,7809,0,0,0,154,899,0,0,20,0,19,0,6396784,4743778304,12239,18446744073709551615,94400596242432,94400596246368,140723018794080,0,0,0,0,2,16800973,0,0,0,17,0,0,0,0,0,0,94400598347072,94400598347800,94400617963520,140723018799224,140723018799282,140723018799282,140723018801130,0,17.8,0.6,4096,131072,6291456,4096,16384,4194304,req_waittime,29737702762.0,req_active,8804313.0,read_bytes,1.41863398195e+12,write_bytes,10737418240.0,ost_setattr,367027494.0,ost_read,28474553653.0,ost_write,190450181.0,ost_connect,1031.0,ldlm_cancel,418003295.0,obd_ping,370636.0,0.0,0.0,0.0,0.0,0.0,3671.0,req_waittime,42262658443.0,req_active,52858051.0,mds_getattr,936.0,mds_getattr_lock,204982327.0,mds_close,1915781109.0,mds_readpage,87144.0,mds_connect,356.0,mds_get_root,222.0,mds_statfs,225.0,mds_getxattr,183119053.0,ldlm_cancel,371599644.0,obd_ping,394928.0,seq_query,75384.0,close,1885022.0,create,16.0,getattr,4.0,intent_lock,12458998.0,rename,14.0,setattr,2000516.0,read_page,5051.0,unlink,1059481.0,getxattr,171916.0,intent_getattr_async,11.0,revalidate_lock,1564954.0,47,Mon Dec 14 20:08:10 2020
